{
    "rmse": 0.9654182321130503,
    "mae": 0.8199115398312246,
    "r2": 0.768829655720365
}