{
    "rmse": 0.9579889931872325,
    "mae": 0.8130437331332565,
    "r2": 0.7723738432724726
}