{
    "rmse": 0.9577317266826642,
    "mae": 0.8127988252442042,
    "r2": 0.7724960841811415
}